{"cameraMode":{"drawMode":0,"name":"Shaded","section":"Shading Mode"},"sceneLighting":false,"audioPlay":false,"sceneViewState":{"showFog":true,"showMaterialUpdate":false,"showSkybox":false,"showFlares":true,"showImageEffects":true,"showParticleSystems":true,"showVisualEffectGraphs":true,"m_FxEnabled":true},"in2DMode":false,"pivot":{"x":0.39488279819488528,"y":3.4978785514831545,"z":4.0704827308654789},"rotation":{"x":0.3098483383655548,"y":-0.034198272973299029,"z":0.011273965239524842,"w":0.9499245285987854},"size":0.12124364823102951,"orthographic":false}